標題,筆記,網址,標籤,留言
,,,,
MYSTAYS 札幌公園精品酒店,,https://www.google.com/maps/place/MYSTAYS+%E6%9C%AD%E5%B9%8C%E5%85%AC%E5%9C%92%E7%B2%BE%E5%93%81%E9%85%92%E5%BA%97/data=!4m2!3m1!1s0x5f0b2bad8993e9a5:0xd825edc67ae4a90e,,
新千歲機場,,https://www.google.com/maps/place/%E6%96%B0%E5%8D%83%E6%AD%B2%E6%A9%9F%E5%A0%B4/data=!4m2!3m1!1s0x5f75206a59b85665:0xbb7cafe62704ee3d,,
しゃぶしゃぶ かに＆海鮮 一,,https://www.google.com/maps/place/%E3%81%97%E3%82%83%E3%81%B6%E3%81%97%E3%82%83%E3%81%B6+%E3%81%8B%E3%81%AB%EF%BC%86%E6%B5%B7%E9%AE%AE+%E4%B8%80/data=!4m2!3m1!1s0x5f0b29d274f2fd7b:0x6f4f58480c4daed,,
札幌工廠,,https://www.google.com/maps/place/%E6%9C%AD%E5%B9%8C%E5%B7%A5%E5%BB%A0/data=!4m2!3m1!1s0x5f0b297129feb09f:0x67f8fc84fdfe335f,,
旧永山武四郎邸 / 旧三菱鉱業寮,,https://www.google.com/maps/place/%E6%97%A7%E6%B0%B8%E5%B1%B1%E6%AD%A6%E5%9B%9B%E9%83%8E%E9%82%B8+%2F+%E6%97%A7%E4%B8%89%E8%8F%B1%E9%89%B1%E6%A5%AD%E5%AF%AE/data=!4m2!3m1!1s0x5f0b29bc538a3005:0x4fb66131d2558d0e,,
札幌開拓使麦酒醸造所 見学館,,https://www.google.com/maps/place/%E6%9C%AD%E5%B9%8C%E9%96%8B%E6%8B%93%E4%BD%BF%E9%BA%A6%E9%85%92%E9%86%B8%E9%80%A0%E6%89%80+%E8%A6%8B%E5%AD%A6%E9%A4%A8/data=!4m2!3m1!1s0x5f0b29712730f83f:0xad7674f5ccea81eb,,
豐平館,,https://www.google.com/maps/place/%E8%B1%90%E5%B9%B3%E9%A4%A8/data=!4m2!3m1!1s0x5f0b2a272bfa794d:0xdb073304d301f7dc,,
北海道大學,,https://www.google.com/maps/place/%E5%8C%97%E6%B5%B7%E9%81%93%E5%A4%A7%E5%AD%B8/data=!4m2!3m1!1s0x5f0b290bc5dc9a43:0x425f98023e0b86d5,,
札幌情報未来専門学校,,https://www.google.com/maps/place/%E6%9C%AD%E5%B9%8C%E6%83%85%E5%A0%B1%E6%9C%AA%E6%9D%A5%E5%B0%82%E9%96%80%E5%AD%A6%E6%A0%A1/data=!4m2!3m1!1s0x5f0b29a306913915:0xa2d2184bb9f64098,,
Koshinshinju Sapporo Shiten,,https://www.google.com/maps/place/Koshinshinju+Sapporo+Shiten/data=!4m2!3m1!1s0x5f0b2920fbda6677:0xab3852cefabf0143,,
Historical Village of Hokkaido,,https://www.google.com/maps/place/Historical+Village+of+Hokkaido/data=!4m2!3m1!1s0x5f0b2ceb651ae381:0xaaa05e70a99cab96,,
輪厚停車區 (下行),,https://www.google.com/maps/place/%E8%BC%AA%E5%8E%9A%E5%81%9C%E8%BB%8A%E5%8D%80+(%E4%B8%8B%E8%A1%8C)/data=!4m2!3m1!1s0x5f74d5da249aea5f:0x59d222504e15617f,,
雅亭溫泉飯店,,https://www.google.com/maps/place/%E9%9B%85%E4%BA%AD%E6%BA%AB%E6%B3%89%E9%A3%AF%E5%BA%97/data=!4m2!3m1!1s0x5f7566c37c349cb3:0x3d009260b671701,,
Reclamation Monument,,https://www.google.com/maps/place/Reclamation+Monument/data=!4m2!3m1!1s0x5f0b299b84cf8415:0x6d50a8ceaf0541ea,,
樺太開拓記念碑,,https://www.google.com/maps/place/%E6%A8%BA%E5%A4%AA%E9%96%8B%E6%8B%93%E8%A8%98%E5%BF%B5%E7%A2%91/data=!4m2!3m1!1s0x5f0b29a8ea728895:0x833dceec22e624d2,,
旧第一銀行小樽支店,,https://www.google.com/maps/place/%E6%97%A7%E7%AC%AC%E4%B8%80%E9%8A%80%E8%A1%8C%E5%B0%8F%E6%A8%BD%E6%94%AF%E5%BA%97/data=!4m2!3m1!1s0x5f0ae1000d7838e9:0xb0ea05b4fd77a5a6,,
旧三菱銀行小樽支店,,https://www.google.com/maps/place/%E6%97%A7%E4%B8%89%E8%8F%B1%E9%8A%80%E8%A1%8C%E5%B0%8F%E6%A8%BD%E6%94%AF%E5%BA%97/data=!4m2!3m1!1s0x5f0ae04d8a4e8fad:0x13a164943b4f1dbf,,
小樽藝術村,,https://www.google.com/maps/place/%E5%B0%8F%E6%A8%BD%E8%97%9D%E8%A1%93%E6%9D%91/data=!4m2!3m1!1s0x5f0ae04d88b14b37:0x31fcb1b45d9ae829,,
石造倉庫群,,https://www.google.com/maps/place/%E7%9F%B3%E9%80%A0%E5%80%89%E5%BA%AB%E7%BE%A4/data=!4m2!3m1!1s0x5f0ae04d28908c73:0x67ab41537d78f4ba,,
日本銀行舊小樽支店金融資料館,,https://www.google.com/maps/place/%E6%97%A5%E6%9C%AC%E9%8A%80%E8%A1%8C%E8%88%8A%E5%B0%8F%E6%A8%BD%E6%94%AF%E5%BA%97%E9%87%91%E8%9E%8D%E8%B3%87%E6%96%99%E9%A4%A8/data=!4m2!3m1!1s0x5f0ae05240553f8b:0xe54eab78ed137e2a,,
小樽蒸汽鐘,,https://www.google.com/maps/place/%E5%B0%8F%E6%A8%BD%E8%92%B8%E6%B1%BD%E9%90%98/data=!4m2!3m1!1s0x5f0ae05af64c3c0f:0x4311ab7ac684dc76,,
小樽音樂盒堂本館,,https://www.google.com/maps/place/%E5%B0%8F%E6%A8%BD%E9%9F%B3%E6%A8%82%E7%9B%92%E5%A0%82%E6%9C%AC%E9%A4%A8/data=!4m2!3m1!1s0x5f0ae05a517bc57d:0x2625d06b6a495753,,
羊蹄山,,https://www.google.com/maps/place/%E7%BE%8A%E8%B9%84%E5%B1%B1/data=!4m2!3m1!1s0x5f0ab3d467a17fa5:0x7a8d8b7a7eeed95a,,
新雪谷村希爾頓酒店,,https://www.google.com/maps/place/%E6%96%B0%E9%9B%AA%E8%B0%B7%E6%9D%91%E5%B8%8C%E7%88%BE%E9%A0%93%E9%85%92%E5%BA%97/data=!4m2!3m1!1s0x5f0aafe6dd2b9abd:0xd51b46a08f7dadda,,
Niseko Village Ski Resort,,https://www.google.com/maps/place/Niseko+Village+Ski+Resort/data=!4m2!3m1!1s0x5f0aafefaf426a19:0x6463dabe605c4ca6,,
Hirafu Welcome Center,,https://www.google.com/maps/place/Hirafu+Welcome+Center/data=!4m2!3m1!1s0x5f0ab00c042b8ead:0x905598b2330e6bbf,,
苫小牧車站,,https://www.google.com/maps/place/%E8%8B%AB%E5%B0%8F%E7%89%A7%E8%BB%8A%E7%AB%99/data=!4m2!3m1!1s0x5f7510cf3a64ff63:0x30301e75cedf5c18,,
Tomakomai City Art Museum,,https://www.google.com/maps/place/Tomakomai+City+Art+Museum/data=!4m2!3m1!1s0x5f7510bf6e657951:0xa1ba8bbbb4826c59,,
出光文化公園,,https://www.google.com/maps/place/%E5%87%BA%E5%85%89%E6%96%87%E5%8C%96%E5%85%AC%E5%9C%92/data=!4m2!3m1!1s0x5f7510c086e70663:0x202dbfebef2e98f3,,
苫小牧中央公園,,https://www.google.com/maps/place/%E8%8B%AB%E5%B0%8F%E7%89%A7%E4%B8%AD%E5%A4%AE%E5%85%AC%E5%9C%92/data=!4m2!3m1!1s0x5f7511e1000e151b:0xb3d624065ad2c020,,
苫小牧市汐見・ふるさと海岸,,https://www.google.com/maps/place/%E8%8B%AB%E5%B0%8F%E7%89%A7%E5%B8%82%E6%B1%90%E8%A6%8B%E3%83%BB%E3%81%B5%E3%82%8B%E3%81%95%E3%81%A8%E6%B5%B7%E5%B2%B8/data=!4m2!3m1!1s0x5f7510e67c392ba3:0xa430f178dd7599c9,,
Koko Hotel Tomakomai,,https://www.google.com/maps/place/Koko+Hotel+Tomakomai/data=!4m2!3m1!1s0x5f7510c8a853669f:0x33599fe8a7716fff,,
札幌市時計台,,https://www.google.com/maps/place/%E6%9C%AD%E5%B9%8C%E5%B8%82%E6%99%82%E8%A8%88%E5%8F%B0/data=!4m2!3m1!1s0x5f0b297627507247:0x1b9ba84a4b04cdeb,,
札幌電視塔,,https://www.google.com/maps/place/%E6%9C%AD%E5%B9%8C%E9%9B%BB%E8%A6%96%E5%A1%94/data=!4m2!3m1!1s0x5f0b299d5f87648d:0xe2041a78c3222031,,
Sankaku Market,,https://www.google.com/maps/place/Sankaku+Market/data=!4m2!3m1!1s0x5f0ae1acdc5d6be7:0xfdb67ce7ef454872,,
似鳥美術館,,https://www.google.com/maps/place/%E4%BC%BC%E9%B3%A5%E7%BE%8E%E8%A1%93%E9%A4%A8/data=!4m2!3m1!1s0x5f0ae1e2e07d4bed:0x798514c2a28f2af8,,
Otaru Bine,,https://www.google.com/maps/place/Otaru+Bine/data=!4m2!3m1!1s0x5f0ae0526f72b687:0xc6d536fe1b2530ec,,
舊手宮線,,https://www.google.com/maps/place/%E8%88%8A%E6%89%8B%E5%AE%AE%E7%B7%9A/data=!4m2!3m1!1s0x5f0ae052a9f2e559:0x3dd27ba162c407fa,,
Otaru Canal,,https://www.google.com/maps/place/Otaru+Canal/data=!4m2!3m1!1s0x5f0ae16457554cd1:0x4ee07ad75699721,,
狸小路商店街,,https://www.google.com/maps/place/%E7%8B%B8%E5%B0%8F%E8%B7%AF%E5%95%86%E5%BA%97%E8%A1%97/data=!4m2!3m1!1s0x5f0b298314dc68c9:0x3e09837aece117a1,,
北海道廳本廳舍,,https://www.google.com/maps/place/%E5%8C%97%E6%B5%B7%E9%81%93%E5%BB%B3%E6%9C%AC%E5%BB%B3%E8%88%8D/data=!4m2!3m1!1s0x5f0b299f007507ad:0xbb215d6e0de69db7,,
小樽市,,https://www.google.com/maps/place/%E5%B0%8F%E6%A8%BD%E5%B8%82/data=!4m2!3m1!1s0x5f0adfae98ef793b:0xa3e7b628d5ad9a1,,
北海道神宮,,https://www.google.com/maps/place/%E5%8C%97%E6%B5%B7%E9%81%93%E7%A5%9E%E5%AE%AE/data=!4m2!3m1!1s0x5f0b29dcc4f0a893:0xec8de2355b66d708,,
昭和新山,,https://www.google.com/maps/place/%E6%98%AD%E5%92%8C%E6%96%B0%E5%B1%B1/data=!4m2!3m1!1s0x5f9fe27250aacfc1:0xab4f4f43aed68055,,
Lake Toya sculpture park,,https://www.google.com/maps/place/Lake+Toya+sculpture+park/data=!4m2!3m1!1s0x5f75570fffffffff:0x3bb66cc7cc0cc68a,,
支笏湖,,https://www.google.com/maps/place/%E6%94%AF%E7%AC%8F%E6%B9%96/data=!4m2!3m1!1s0x5f753913215f72bb:0x7bd8ec9776a202d0,,
三井OUTLET PARK 札幌北廣島,,https://www.google.com/maps/place/%E4%B8%89%E4%BA%95OUTLET+PARK+%E6%9C%AD%E5%B9%8C%E5%8C%97%E5%BB%A3%E5%B3%B6/data=!4m2!3m1!1s0x5f74d50a08027ef3:0xef1586954c148c0d,,
新千歲機場,,https://www.google.com/maps/place/%E6%96%B0%E5%8D%83%E6%AD%B2%E6%A9%9F%E5%A0%B4/data=!4m2!3m1!1s0x5f7520459d5c1add:0x1aba607ce5f681f6,,
五稜郭跡,,https://www.google.com/maps/place/%E4%BA%94%E7%A8%9C%E9%83%AD%E8%B7%A1/data=!4m2!3m1!1s0x5f9ef46bcb8d5525:0xa9e4bd2d96c4d502,,
